﻿<?xml version="1.0" encoding="utf-8"?>
<cms.contenttype>
  <ClassContentTypeType>Website</ClassContentTypeType>
  <ClassDisplayName>Articles section</ClassDisplayName>
  <ClassFormDefinition>
    <form>
      <field column="ContentItemDataID" columntype="integer" enabled="true" guid="a83f503c-445d-4688-bed0-3e37e22da4e3" isPK="true" />
      <field column="ContentItemDataCommonDataID" columntype="integer" enabled="true" guid="0673c391-464a-4c31-b09c-9816e84fe922" refobjtype="cms.contentitemcommondata" reftype="Required" system="true" />
      <field column="ContentItemDataGUID" columntype="guid" enabled="true" guid="f3a9de1b-eb74-4ac7-be4d-3a26850ad038" isunique="true" system="true" />
    </form>
  </ClassFormDefinition>
  <ClassGUID>d4f5b41b-4c36-4bc1-9e3f-6ae34235f559</ClassGUID>
  <ClassHasUnmanagedDbSchema>False</ClassHasUnmanagedDbSchema>
  <ClassIconClass>xp-doc</ClassIconClass>
  <ClassName>DancingGoat.ArticlesSection</ClassName>
  <ClassTableName>DancingGoat_Page</ClassTableName>
  <ClassType>Content</ClassType>
  <ClassWebPageHasUrl>True</ClassWebPageHasUrl>
</cms.contenttype>