﻿<?xml version="1.0" encoding="utf-8"?>
<cms.contenttype>
  <ClassContentTypeType>Website</ClassContentTypeType>
  <ClassDisplayName>Article page</ClassDisplayName>
  <ClassFormDefinition>
    <form>
      <field column="ContentItemDataID" columntype="integer" enabled="true" guid="38d71a48-832f-4a53-9b0f-89064adec8d6" isPK="true" />
      <field column="ContentItemDataCommonDataID" columntype="integer" enabled="true" guid="0673c391-464a-4c31-b09c-9816e84fe922" refobjtype="cms.contentitemcommondata" reftype="Required" system="true" />
      <field column="ContentItemDataGUID" columntype="guid" enabled="true" guid="0c83bea8-6e59-4f1a-9def-5dee7c62cfa0" isunique="true" system="true" />
      <field column="ArticleTitle" columnprecision="0" columnsize="200" columntype="text" enabled="true" guid="68c7c94e-3d90-474e-9ac7-7d542fa09bc2" visible="true">
        <properties>
          <explanationtextashtml>False</explanationtextashtml>
          <fieldcaption>Title</fieldcaption>
          <fielddescriptionashtml>False</fielddescriptionashtml>
        </properties>
        <settings>
          <controlname>Kentico.Administration.TextInput</controlname>
        </settings>
      </field>
      <field column="ArticlePagePublishDate" columnprecision="0" columntype="date" enabled="true" guid="f6950735-137a-4bec-be1d-09e64de92088" visible="true">
        <properties>
          <explanationtext>Enter a date: MM/DD/YYYY</explanationtext>
          <explanationtextashtml>False</explanationtextashtml>
          <fieldcaption>Publish date</fieldcaption>
          <fielddescriptionashtml>False</fielddescriptionashtml>
        </properties>
        <settings>
          <controlname>Kentico.Administration.DateInput</controlname>
        </settings>
      </field>
      <field allowempty="true" column="ArticlePageTeaser" columnprecision="0" columntype="contentitemreference" enabled="true" guid="04b5735c-f3b6-4dba-af49-1c748e952820" visible="true">
        <properties>
          <explanationtextashtml>False</explanationtextashtml>
          <fieldcaption>Teaser</fieldcaption>
          <fielddescriptionashtml>False</fielddescriptionashtml>
        </properties>
        <settings>
          <AllowedContentItemTypeIdentifiers>
            <![CDATA[["fd1947a4-e04b-441b-a76c-1ed826fb766e"]]]>
          </AllowedContentItemTypeIdentifiers>
          <controlname>Kentico.Administration.ContentItemSelector</controlname>
        </settings>
      </field>
      <field column="ArticlePageSummary" columnprecision="0" columnsize="190" columntype="text" enabled="true" guid="e8556390-9fce-4547-ad25-2af8aeface36" visible="true">
        <properties>
          <explanationtextashtml>False</explanationtextashtml>
          <fieldcaption>Summary</fieldcaption>
          <fielddescriptionashtml>False</fielddescriptionashtml>
        </properties>
        <settings>
          <controlname>Kentico.Administration.TextArea</controlname>
          <CopyButtonVisible>False</CopyButtonVisible>
          <MaxRowsNumber>5</MaxRowsNumber>
          <MinRowsNumber>3</MinRowsNumber>
        </settings>
      </field>
      <field column="ArticlePageText" columnprecision="0" columntype="longtext" enabled="true" guid="f6fc7302-2650-4d07-96a3-9b2c04352bd8" visible="true">
        <properties>
          <explanationtextashtml>False</explanationtextashtml>
          <fieldcaption>Text</fieldcaption>
          <fielddescriptionashtml>False</fielddescriptionashtml>
        </properties>
        <settings>
          <ConfigurationName>Kentico.Administration.WebsitesStructuredContent</ConfigurationName>
          <controlname>Kentico.Administration.RichTextEditor</controlname>
        </settings>
      </field>
      <field allowempty="true" column="ArticleRelatedArticles" columnprecision="0" columntype="webpages" enabled="true" guid="81b67ad9-9b71-4558-9914-ac14cd9001fb" visible="true">
        <properties>
          <explanationtextashtml>False</explanationtextashtml>
          <fieldcaption>Related articles</fieldcaption>
          <fielddescriptionashtml>False</fielddescriptionashtml>
        </properties>
        <settings>
          <controlname>Kentico.Administration.WebPageSelector</controlname>
          <MaximumPages>4</MaximumPages>
          <Sortable>True</Sortable>
          <TreePath>/Articles</TreePath>
        </settings>
      </field>
    </form>
  </ClassFormDefinition>
  <ClassGUID>9b5e6c86-ebd1-4471-8f5d-dca72e39b12b</ClassGUID>
  <ClassHasUnmanagedDbSchema>False</ClassHasUnmanagedDbSchema>
  <ClassIconClass>xp-rectangle-paragraph</ClassIconClass>
  <ClassName>DancingGoat.ArticlePage</ClassName>
  <ClassTableName>DancingGoat_ArticlePage</ClassTableName>
  <ClassType>Content</ClassType>
  <ClassWebPageHasUrl>True</ClassWebPageHasUrl>
</cms.contenttype>