﻿<?xml version="1.0" encoding="utf-8"?>
<cms.contenttype>
  <ClassContentTypeType>Website</ClassContentTypeType>
  <ClassDisplayName>Confirmation page</ClassDisplayName>
  <ClassFormDefinition>
    <form>
      <field column="ContentItemDataID" columntype="integer" enabled="true" guid="d9381653-7f08-40c4-9e52-7cdfed017b11" isPK="true" />
      <field column="ContentItemDataCommonDataID" columntype="integer" enabled="true" guid="0673c391-464a-4c31-b09c-9816e84fe922" refobjtype="cms.contentitemcommondata" reftype="Required" system="true" />
      <field column="ContentItemDataGUID" columntype="guid" enabled="true" guid="62bb72a2-1926-4d70-b609-30972a1a6e11" isunique="true" system="true" />
      <field column="ConfirmationPageTitle" columnprecision="0" columnsize="200" columntype="text" enabled="true" guid="f150b34d-84fa-468c-84b9-612549da557d" visible="true">
        <properties>
          <explanationtextashtml>False</explanationtextashtml>
          <fieldcaption>Title</fieldcaption>
          <fielddescriptionashtml>False</fielddescriptionashtml>
        </properties>
        <settings>
          <controlname>Kentico.Administration.TextInput</controlname>
        </settings>
      </field>
      <field column="ConfirmationPageHeader" columnprecision="0" columnsize="200" columntype="text" enabled="true" guid="497ef998-f4a7-40db-8ea4-6bb6345dac0a" visible="true">
        <properties>
          <explanationtextashtml>False</explanationtextashtml>
          <fieldcaption>Header</fieldcaption>
          <fielddescriptionashtml>False</fielddescriptionashtml>
        </properties>
        <settings>
          <controlname>Kentico.Administration.TextInput</controlname>
        </settings>
      </field>
      <field column="ConfirmationPageContent" columnprecision="0" columntype="longtext" enabled="true" guid="6d90dad3-9f50-47a9-8285-1ea153341726" visible="true">
        <properties>
          <explanationtextashtml>False</explanationtextashtml>
          <fieldcaption>Confirmation content</fieldcaption>
          <fielddescriptionashtml>False</fielddescriptionashtml>
        </properties>
        <settings>
          <ConfigurationName>Kentico.Administration.WebsitesStructuredContent</ConfigurationName>
          <controlname>Kentico.Administration.RichTextEditor</controlname>
        </settings>
      </field>
      <field allowempty="true" column="ConfirmationPageArticlesSection" columnprecision="0" columntype="webpages" enabled="true" guid="9f8f086c-a825-4741-b031-e29fc640d94d" visible="true">
        <properties>
          <explanationtextashtml>False</explanationtextashtml>
          <fieldcaption>Articles Section</fieldcaption>
          <fielddescriptionashtml>False</fielddescriptionashtml>
        </properties>
        <settings>
          <controlname>Kentico.Administration.WebPageSelector</controlname>
          <MaximumPages>1</MaximumPages>
          <Sortable>False</Sortable>
        </settings>
      </field>
    </form>
  </ClassFormDefinition>
  <ClassGUID>99f9eb0a-8475-49cd-bbe6-cb485f802cce</ClassGUID>
  <ClassHasUnmanagedDbSchema>False</ClassHasUnmanagedDbSchema>
  <ClassIconClass>xp-check</ClassIconClass>
  <ClassName>DancingGoat.ConfirmationPage</ClassName>
  <ClassTableName>DancingGoat_ConfirmationPage</ClassTableName>
  <ClassType>Content</ClassType>
  <ClassWebPageHasUrl>True</ClassWebPageHasUrl>
</cms.contenttype>