﻿<?xml version="1.0" encoding="utf-8"?>
<cms.contentitemcommondata>
  <ContentItemCommonDataContentItemID>
    <CodeName>CoffeeProcessingTechniques-vnl8fs1k</CodeName>
    <GUID>69a5c969-8e18-4b57-a9cd-7ce089d0d059</GUID>
    <ObjectType>cms.contentitem</ObjectType>
  </ContentItemCommonDataContentItemID>
  <ContentItemCommonDataContentLanguageID>
    <CodeName>en</CodeName>
    <GUID>e4a8fb12-ebc2-45d0-930f-c9fba2780c85</GUID>
    <ObjectType>cms.contentlanguage</ObjectType>
  </ContentItemCommonDataContentLanguageID>
  <ContentItemCommonDataGUID>1d1fe600-a580-4a45-bd7d-8c43c647adf3</ContentItemCommonDataGUID>
  <ContentItemCommonDataIsLatest>True</ContentItemCommonDataIsLatest>
  <ContentItemCommonDataPageTemplateConfiguration>
    <![CDATA[{"identifier":"DancingGoat.Article","properties":null,"fieldIdentifiers":null}]]>
  </ContentItemCommonDataPageTemplateConfiguration>
  <ContentItemCommonDataVersionStatus>2</ContentItemCommonDataVersionStatus>
  <ContentItemReferences>
    <cms.contentitemreference>
      <ContentItemReferenceGroupGUID>04b5735c-f3b6-4dba-af49-1c748e952820</ContentItemReferenceGroupGUID>
      <ContentItemReferenceGUID>c006fb5d-157c-4896-abd8-1afe2a65935c</ContentItemReferenceGUID>
      <ContentItemReferenceSourceCommonDataID>
        <GUID>1d1fe600-a580-4a45-bd7d-8c43c647adf3</GUID>
        <ObjectType>cms.contentitemcommondata</ObjectType>
      </ContentItemReferenceSourceCommonDataID>
      <ContentItemReferenceTargetItemID>
        <CodeName>Articles_Article-5_2x.jpg-ui1p5uwa</CodeName>
        <GUID>e07114f8-dd0b-47ed-9cee-1d5c1404835a</GUID>
        <ObjectType>cms.contentitem</ObjectType>
      </ContentItemReferenceTargetItemID>
    </cms.contentitemreference>
  </ContentItemReferences>
</cms.contentitemcommondata>